{"cameraMode":{"drawMode":0,"name":"Shaded","section":"Shading Mode"},"sceneLighting":true,"audioPlay":false,"sceneViewState":{"m_AlwaysRefresh":false,"showFog":true,"showSkybox":true,"showFlares":true,"showImageEffects":true,"showParticleSystems":true,"showVisualEffectGraphs":true,"m_FxEnabled":true},"in2DMode":false,"pivot":{"x":3.085513114929199,"y":0.9719843864440918,"z":-2.2621941566467287},"rotation":{"x":0.2609850764274597,"y":-0.5010143518447876,"z":0.16159392893314362,"w":0.8091686964035034},"size":2.7774431705474855,"orthographic":true}